time,Pressure
0.423789625,1025.077209
1.424360625,1025.073395
2.424938625,1025.055084
3.425517625,1025.027618
4.426089625,1024.993973
4.977043625,1024.950409
5.977620625,1024.931946
6.978197625,1024.889374
7.978773625,1024.847717
8.979346625,1024.804077
9.979924625,1024.763412
10.98050263,1024.723663
